Life expectancy ,Adult Mortality,GDP
65,263,584.25921
59.9,271,612.696514
59.9,268,631.744976
59.5,272,669.959
59.2,275,63.537231
58.8,279,553.32894
58.6,281,445.8932979
58.1,287,373.3611163
57.5,295,369.835796
57.3,295,272.56377
57.3,291,25.2941299
57,293,219.1413528
56.7,295,198.7285436
56.2,3,187.84595
55.3,316,117.49698
54.8,321,114.56
77.8,74,3954.22783
77.5,8,4575.763787
77.2,84,4414.72314
76.9,86,4247.61438
76.6,88,4437.17868
76.2,91,494.358832
76.1,91,4114.136545
75.3,1,437.539647
75.9,9,363.13685
74.2,99,35.1293
73.5,15,279.142931
73,17,2416.588235
72.8,18,189.681557
73.3,15,1453.642777
73.6,14,1326.97339
72.6,11,1175.788981
75.6,19,4132.76292
75.4,11,547.8517
75.3,112,5471.866766
75.1,113,5564.82566
74.9,116,5432.2523
74.7,119,4463.394675
74.4,123,3868.83123
74.1,126,495.254866
73.8,129,3935.183343
73.4,132,3464.6179
72.9,136,31.122378
72.3,14,2598.9823
71.7,146,294.33556
71.6,145,1774.33673
71.4,145,1732.857979
71.3,145,1757.17797
52.4,335,3695.793748
51.7,348,479.31224
51.1,355,484.616884
56,358,4598.249988
51,361,4299.12889
49.6,365,3529.53482
49.1,369,3347.84485
48.7,371,3868.578883
48.2,375,2878.837144
47.7,381,262.415149
47.4,382,1443.991929
47.1,386,141.86844
46.8,388,779.468356
46.5,391,711.181716
45.7,44,526.168743
45.3,48,555.2969419
76.4,13,13566.9541
76.2,131,12888.29667
76.1,133,12224.86416
75.9,134,12565.44197
75.7,136,11929.34991
75.6,138,12126.87614
75.4,14,1312.46692
75.2,142,1473.31923
75,144,14252.29452
74.8,145,12724.39377
74.6,147,11371.93895
74.4,149,1352.8374
74.2,151,9739.82556
74,153,9386.716452
73.8,154,9358.154162
73.6,156,9875.161736
76.3,116,13467.1236
76.2,118,12245.25645
76,119,12976.63642
75.9,12,12969.7712
75.7,12,12726.9836
75.5,121,1276.265
75.6,126,8161.36966
75.4,126,8953.359275
74.8,129,7193.61764
75.2,127,5878.76127
74.9,127,576.883829
74.7,13,4251.574348
74.1,137,333.4376
74.1,138,2579.193168
74,138,717.694674
74.1,137,7669.273916
74.8,118,369.654776
74.6,12,3994.712355
74.4,123,3843.591213
74.4,121,3684.8481
73.9,128,3526.978143
73.5,132,3218.381655
73.3,137,2993.832531
73.2,14,41.26997
73.5,132,3138.8873
72.9,141,2158.299
73,137,1643.758397
73,132,1191.96192
72.7,134,93.1661567
72.6,134,783.261699
72.6,141,694.435119
72,142,622.7427477
82.8,59,56554.3876
82.7,6,62214.6912
82.5,61,67792.3386
82.3,61,67677.63477
82,63,62245.129
81.9,64,51874.848
81.7,66,42742.99898
81.3,66,49664.6854
81.3,66,4991.98289
81.2,66,36118.28381
81,67,3416.71483
86,69,3472.37977
83,71,23465.38559
79.9,73,281.81763
79.9,75,19517.84168
79.5,78,2169.921
81.5,65,43665.947
81.4,66,51322.63997
81.1,68,554.71532
88,7,48333.57273
88,73,51126.74139
84,75,46657.629
82,77,47654.18721
84,76,51386.37665
81,8,46586.6525
79.8,81,443.99361
79.4,85,38242.4252
79.3,86,36693.4262
78.8,88,3212.9355
78.7,9,26351.37568
78.6,92,24489.73553
78.1,96,24517.26745
72.7,118,55.31382
72.5,119,7891.299776
72.2,121,7875.756953
71.9,123,7496.335728
71.6,125,7189.691229
71.1,13,5842.85784
78,132,495.294791
73,141,5574.6382
73,14,3851.437869
69.2,154,2473.85776
68.4,162,1578.4239
68.4,154,145.2163
67.8,154,883.6439965
67.8,146,763.73858
67.5,151,73.6838434
66.6,16,655.974326
74.4,111,1657.3228
74.2,113,16462.48556
74.1,115,15646.5591
73.9,117,14223.86576
73.8,119,12868.8639
73.7,121,1228.5447
73.5,123,11675.39395
73.4,125,11513.87189
73.3,127,11568.1111
72.3,196,5949.11677
72,199,8318.429294
71.7,23,7978.825443
71.9,194,694.243915
72,232,6519.71753
73,222,63.38877
70,226,5176.172649
70,224,6376.183153
76.9,69,22688.87824
76.8,7,24983.3792
76.7,7,251.18329
76.5,71,23649.36661
76.1,76,2281.1242
76.1,73,2722.1389
76,74,19356.67236
75.8,76,2367.56535
75.6,77,2977.1153
75.5,79,1937.99549
75.3,81,17959.17854
75.2,83,15846.47641
75,85,14221.99259
74.9,87,1312.33457
74.7,9,12868.211
74.5,92,13636.34668
71.8,129,121.15812
71.4,132,184.56543
71,135,951.8894535
77,137,856.342857
73,14,835.789341
69.9,142,757.6717572
69.5,144,681.125368
69.1,147,615.7775411
68.6,151,541.651484
68.2,152,494.51466
67.8,155,484.155471
67.3,158,46.7579167
66.8,161,432.7388972
66.3,164,4.6135745
65.8,168,42.5981152
65.3,173,45.63371
75.5,98,15557.8381
75.4,1,15359.66971
75.2,11,15472.7814
75.1,12,15384.8749
74.9,14,15534.1574
74.7,16,1595.91232
74.6,19,16523.32388
74.4,111,1657.3228
74.2,113,16462.48556
74.1,115,15646.5591
73.9,117,14223.86576
73.8,119,12868.8639
73.7,121,1228.5447
73.5,123,11675.39395
73.4,125,11513.87189
73.3,127,11568.1111
72.3,196,5949.11677
72,199,8318.429294
71.7,23,7978.825443
71.9,194,694.243915
72,232,6519.71753
73,222,63.38877
70,226,5176.172649
70,224,6376.183153
69.8,226,4735.484827
68.9,243,3848.215966
68.1,252,3126.71767
68.2,247,2378.33927
67.7,253,1819.525644
67.2,262,1479.383142
67.7,254,1244.373185
68,247,1276.28834
81.1,74,4356.875
89,76,47439.39684
87,77,4651.38647
83,78,4474.5717
83,8,4772.77415
80,81,4438.23741
79.8,85,4488.5615
79.5,87,48424.58927
79.5,86,4443.83131
79.4,85,38852.3613
78.9,89,36967.28292
78.8,91,35589.71295
78.3,95,3743.95693
78,99,2552.3328
78,1,23121.56635
77.6,11,2327.4591
71,175,4849.997495
70,177,4852.223666
69.8,18,4688.538443
69.4,189,4673.63848
69.4,188,4516.24675
69.5,186,4344.15177
69.5,184,4258.788611
69.6,181,447.22796
69.6,181,4324.876427
69.4,184,4187.3783
69,191,3933.332215
68.7,197,3831.53819
68.4,21,3679.99523
68.5,199,3556.561825
68.2,21,3419.275719
68.3,196,3364.423711
60,249,783.94791
59.7,252,943.686575
59.5,251,915.2674586
59.3,251,837.9551
59.1,251,825.9427854
58.7,254,757.695974
58.4,259,793.45243
57.6,278,82.1513498
57.1,283,76.535419
56.8,284,625.8392
56.5,285,61.799977
56.1,285,583.493514
55.8,285,519.2922847
55.6,283,418.6985763
55.5,281,378.73654
55.4,279,374.1923942
69.8,211,2613.645177
69.4,216,2522.7968
69.1,219,235.882889
68.7,223,2422.816
68.3,225,2458.45976
67.9,228,2178.921383
67.4,232,177.234497
67,234,1795.18137
66.5,238,1741.142552
65.8,245,1335.45696
65,254,1247.61392
64.2,263,197.45788
63.3,273,997.7417141
62.5,282,885.6382245
61.7,29,87.9387673
62,312,765.8632358
75,12,2968.41186
75.5,99,265.642661
75.2,12,2214.732246
75.4,11,1761.537647
74.9,113,1524.41222
74.6,116,1461.7552
65.7,256,6532.651
65.1,268,7497.762376
64.2,286,77.625783
63.4,3,729.231453
77.4,88,4574.9787
77.2,89,5193.94932
77,9,535.86555
76.8,92,4716.673325
76.9,92,55.156834
76.4,94,4611.47298
76.1,97,4697.89732
76,98,575.31664
75.4,16,418.292176
75.7,1,344.321698
74.9,113,1524.41222
74.6,116,1461.7552
65.7,256,6532.651
65.1,268,7497.762376
64.2,286,77.625783
63.4,3,729.231453
77.4,88,4574.9787
77.2,89,5193.94932
77,9,535.86555
76.8,92,4716.673325
76.9,92,55.156834
76.4,94,4611.47298
76.1,97,4697.89732
76,98,575.31664
75.4,16,418.292176
75.7,1,344.321698
75,12,2968.41186
75.5,99,265.642661
75.2,12,2214.732246
75.4,11,1761.537647
74.9,113,1524.41222
74.6,116,1461.7552
65.7,256,6532.651
65.1,268,7497.762376
64.2,286,77.625783
63.4,3,729.231453
62.2,325,7645.21469
61.1,349,6346.15624
59.2,393,5185.729845
57.5,427,5623.379566
56.9,436,5714.47937
54.8,491,5374.554867
51.7,566,5351.253732
48.1,652,4896.583835
46.4,693,4163.6596
46,699,355.618382
46.7,679,3128.97793
47.8,647,3349.68823
75,142,8757.2622
74.8,144,1226.61731
74.7,146,12216.9446
74.5,148,12291.46685
74.1,152,13167.47289
73.8,154,11224.1548
73.6,157,8553.3847
73.4,158,8787.61375
73.3,159,7313.557962
73,161,586.145975
72.7,163,477.182746
72,17,3623.47667
71.8,172,359.587582
71.4,176,2819.649531
71,179,3146.95177
75,183,3739.11936
77.7,78,3967.8951
77.6,8,4159.8652
77.1,84,44597.27968
78.3,79,47651.2599
77.4,79,4717.273
76.9,79,35268.1117
76.8,88,27965.4754
77.2,84,37951.286
76,1,32672.36717
76.3,93,398.96692
76.2,92,2612.13345
76.4,89,21896.6527
76,89,18555.56649
74.8,95,16846.2198
74.7,19,16468.12886
74.4,16,188.44826
74.5,137,6993.47736
74.3,138,7853.335191
74.1,14,7674.86559
73.9,139,7378.25539
73.7,144,7813.83499
73.4,147,6843.263289
73.2,152,6955.987733
72.9,155,7296.122479
72.6,157,5932.899677
72.2,161,4513.13628
72.1,16,3893.68998
72.2,157,3381.57837
72,155,271.46824
71.8,157,287.534843
71.6,16,1764.97387
71.1,163,169.28586
59.9,26,615.592225
59.3,268,75.1464113
59,27,699.452847
58.6,271,673.8227
58.1,275,666.842783
57.5,279,575.4464527
56.9,283,552.7455521
56.1,288,569.7612784
55.3,293,475.11122
54.3,32,422.6332374
53.3,313,46.998871
52.4,323,371.323865
51.6,332,332.344351
51,338,26.7635413
56,344,235.4912324
51,348,226.4759814
59.6,288,33.681223
59.1,297,312.7489794
58.6,33,282.7555252
58,312,265.285651
57.4,321,26.479973
56.8,33,231.1943256
56.2,338,24.944652
55.3,35,196.2472628
54.8,355,17.79995
54.1,361,165.8794176
53.4,369,15.57434
52.6,378,127.4296648
51.9,387,112.849373
51.5,387,122.4335893
51.3,385,133.7427689
58,386,135.9984455
54.2,382,1233.524316
53.6,395,111.71186
53.3,394,12.989164
52.8,4,952.1872484
52.1,412,93.211716
51.8,412,824.8689393
51.6,47,676.397661
51.5,41,614.6729339
51.4,394,68.414399
73.3,114,2954.119467
73,117,3529.61843
72.8,12,3558.796314
72.7,121,348.482762
72.6,122,367.429453
72.5,123,3312.825985
72.4,124,3444.5566
72.4,124,3638.95946
72.3,126,3112.285712
72.1,129,234.28992
71.8,134,248.13459
71.4,14,1976.45856
71.1,144,1768.92132
77,148,1373.515636
73,152,1268.884564
69.9,155,1239.377855
68.7,174,1163.18977
68.3,179,198.687123
67.8,183,128.419568
67.4,186,95.244132
67,19,882.491462
66.6,192,785.6928841
66.1,195,738.2326684
65.6,199,745.7877873
65,24,631.675789
64.1,216,539.8791529
62.9,234,474.2238766
61.5,253,48.615184
63,268,362.4213785
59.3,273,339.676984
58.5,273,321.22634
57.7,274,3.685949
57.3,357,1244.429421
56.7,366,1441.1417
56.4,364,1365.34419
55.9,369,1255.648189
55.6,371,1295.649726
55.3,37,1182.869227
54.8,373,123.19538
54.2,382,1233.524316
53.6,395,111.71186
53.3,394,12.989164
52.8,4,952.1872484
52.1,412,93.211716
51.8,412,824.8689393
51.6,47,676.397661
51.5,41,614.6729339
51.4,394,68.414399
82.2,64,43315.744
82,65,544.43376
81.8,67,52413.72116
81.6,68,52496.69487
81.5,68,5282.2176
81.2,7,47447.4762
81,72,4773.45436
87,74,46596.33599
85,74,44544.5268
85,75,4386.69948
81,76,36189.58838
80,77,31979.87195
79.7,78,28172.14883
79.5,79,24167.8431
79.4,8,23691.59472
79.1,82,24124.16917
52.5,397,348.381417
58,437,377.132274
49.9,451,337.4849614
53,439,486.41114
49.8,443,494.336779
49.2,446,446.4434494
48.6,453,449.961839
47.6,477,456.8614334
46.8,495,397.148467
46.3,56,347.673678
45.9,511,327.1149461
45.7,512,313.21598
45.7,51,286.25819
45.6,58,253.768343
45.6,54,243.1586486
46,49,243.5429317
53.1,356,777.248751
52.6,362,125.998515
52.2,366,986.13177
51.8,367,973.472574
51.6,365,989.2363633
51.2,364,896.5697341
57,37,84.455939
49.6,394,929.772391
49.4,394,81.683884
48.5,414,712.1847694
48.6,46,66.2421396
48.5,45,454.6765879
48.4,43,292.5914364
48.1,43,22.854821
48,4,197.3156442
47.6,44,166.231785
85,82,13653.2264
83,83,14817.37778
81,84,15941.39722
79.9,84,15431.9293
79.8,86,1475.69242
79.1,89,1286.17764
79.3,91,1243.32824
79.6,88,1781.3668
78.9,9,1526.87746
78.9,91,9484.681227
78.4,93,7615.3468
78,97,621.828325
77.9,1,4787.699532
77.8,11,4463.545867
77.3,16,4595.666327
77.3,13,511.368479
76.1,85,869.211938
75.8,86,7683.5238
75.6,88,777.77594
75.4,89,6337.882993
75.2,91,5633.79616
75,92,456.512487
74.9,93,3838.434292
74.5,97,3471.247547
74.4,96,2695.366223
74.2,98,299.229676
73.9,99,1753.4178
73.5,11,158.668462
73.1,13,1288.642924
72.7,16,1148.5857
72.2,11,153.1824
71.7,115,959.372181
74.8,143,644.525556
74.6,144,7913.383432
74.4,145,83.5863
74.3,143,7884.984429
74.2,144,7227.73968
73.6,15,625.65544
73.6,15,5148.422113
73.5,146,5433.7245
73.5,144,4674.21961
73.1,147,379.78776
73.1,144,3386.256
72.8,148,274.249442
72.4,15,2246.257472
71.8,163,2355.725857
71.5,165,2395.856551
71.4,167,2472.197831
63.5,227,727.6463868
63.2,23,852.954379
62.9,233,834.341949
62.5,237,788.632653
62.2,241,829.7586885
61.8,246,769.1742883
61.3,251,778.5454199
61,255,795.97519
66,259,72.759313
63,262,648.38717
60,266,621.93372
59.8,269,616.4197236
59.6,271,544.566526
59.5,271,433.2691451
59.5,272,395.9319363
59.5,272,375.8528566
64.8,225,645.4637627
64.2,234,571.1622759
63.7,237,52.1535887
63.3,241,468.567249
62.6,249,354.8463544
61.8,261,341.39992
68,274,379.7566385
59.8,289,325.3825543
58.5,39,243.326822
57.2,328,193.794956
56,343,161.6266248
55,354,135.7623858
54,363,118.8734466
53.2,369,111.3634356
52.5,372,12.1789279
79.6,95,1146.36273
79.5,96,1647.44179
79.4,96,1569.66631
79.2,97,9985.36959
79,98,9186.59639
78.1,16,8199.414621
79.2,96,689.396224
78.9,99,6911.136136
78.9,93,612.623418
78,16,5245.187372
78.6,97,4697.11135
77.7,12,4425.57467
78,1,4167.71417
78.3,99,462.14965
77.5,1,3981.52847
77.6,98,388.363689
78,95,11579.6674
77.8,97,13467.46827
77.7,97,13574.749
77.1,14,13235.97757
77,14,14539.18421
76.6,16,1355.74586
76.3,19,14157.14416
76,116,15893.8656
75.8,114,13546.69872
75.9,113,11363.41845
75.2,116,1224.2459
75.4,114,9365.742468
74.7,122,785.881418
74.8,124,653.71637
74.9,126,5245.421419
74.7,127,4919.62869
79.1,92,762.261218
79,93,75.5199
78.7,96,676.15344
78.7,96,6425.941119
78.8,92,675.92436
78,98,5676.14143
78.1,11,5484.7763
77.9,12,5376.447622
78.1,14,5184.494227
78,14,4669.6916
77.2,19,3779.577
77.3,17,339.716256
77.4,18,3192.669378
77.7,19,2994.339988
76.7,115,2832.188893
76.9,115,2741.11542
85,52,2375.1127
83,53,2734.88382
81,54,2797.96736
80,56,28951.15556
79.7,57,32233.83942
79.5,59,3818.46396
79.3,6,3215.8159
79.1,62,3539.7488
78.9,63,31386.63265
78.8,64,27169.99256
78.7,65,25324.48666
78.6,65,23932.49128
78.5,66,2293.4789
78.4,68,16372.29152
78.2,69,1562.92433
78.1,7,14672.8826
78,16,5245.187372
78.6,97,4697.11135
77.7,12,4425.57467
78,1,4167.71417
78.3,99,462.14965
77.5,1,3981.52847
77.6,98,388.363689
78,95,11579.6674
77.8,97,13467.46827
77.7,97,13574.749
77.1,14,13235.97757
77,14,14539.18421
76.6,16,1355.74586
76.3,19,14157.14416
76,116,15893.8656
75.8,114,13546.69872
75.9,113,11363.41845
75.2,116,1224.2459
75.4,114,9365.742468
74.7,122,785.881418
74.8,124,653.71637
74.9,126,5245.421419
74.7,127,4919.62869
79.1,92,762.261218
79,93,75.5199
78.7,96,676.15344
78.7,96,6425.941119
78.8,92,675.92436
78,98,5676.14143
78.1,11,5484.7763
77.9,12,5376.447622
78.1,14,5184.494227
78,14,4669.6916
77.2,19,3779.577
77.3,17,339.716256
77.4,18,3192.669378
77.7,19,2994.339988
76.7,115,2832.188893
76.9,115,2741.11542
85,52,2375.1127
83,53,2734.88382
81,54,2797.96736
80,56,28951.15556
79.7,57,32233.83942
79.5,59,3818.46396
79.3,6,3215.8159
79.1,62,3539.7488
78.9,63,31386.63265
78.8,64,27169.99256
78.7,65,25324.48666
78.6,65,23932.49128
78.5,66,2293.4789
78.4,68,16372.29152
78.2,69,1562.92433
78.1,7,14672.8826.64416
84,73,62425.5392
81,75,61191.19263
80,76,5857.521
79.7,79,61753.667
79.2,84,5841.41122
78.9,86,58163.29359
78.8,88,64322.6664
78.4,93,58487.451
78.1,93,5226.99311
78.1,92,48799.8237
77.7,98,46511.6457
77.3,11,4458.7764
77,14,33228.69291
77,12,3751.64946
76.9,12,3743.55917
63.5,241,1862.167274
63,252,174.91511
62.7,256,1622.637974
62.2,263,1536.15685
61.8,268,143.986898
61.3,273,1325.99724
69,279,1253.657431
62,289,1214.77118
59.8,296,147.586896
59.1,39,965.6693779
58.6,318,94.7297489
58.1,326,864.184726
58,325,819.974118
57.9,322,792.15412
57.7,323,781.2322196
57.4,325,768.176767
73.9,152,6468.471648
73.6,154,6268.692122
73.4,157,627.55544
72.1,174,5968.876767
73.1,16,5759.643
72.7,166,5451.6696
73.6,157,4952.67753
73.3,161,511.37937
72.9,164,4647.31359
72.3,178,3836.468771
69.7,28,3681.5993
69.3,214,2421.9662
73,22,2372.628827
71.4,189,38.46578
71.2,188,2862.154836
72,176,282.4242
76.2,118,625.62224
76,121,6432.216537
76,121,674.9829
75.5,127,572.14313
75.3,131,5223.351763
75,134,4657.32361
75.1,137,4255.56571
74.6,139,4274.95265
74.7,14,359.71886
74.4,144,335.786541
74.2,151,321.942547
74.4,148,278.557892
74.4,151,244.46898
73.6,157,2183.966796
73.4,158,193.741571
72.8,163,1451.29776
—ç
73.5,178,4127.11775
73.3,181,3988.771871
73,184,3895.664491
73,181,3827.786267
72,197,3736.58713
72,191,3474.392445
71.4,23,3366.482133
71.7,194,357.347674
71.2,23,334.83817
75,211,362.951768
71,213,2835.281237
70,215,2632.79942
69.9,29,2519.737387
73,24,248.4125
68.9,219,2338.772244
69,218,2238.4116
58.2,32,1347.31257
57.9,32,192.59733
57.4,327,2246.9938
56.7,337,21557.6528
56.2,344,21451.88617
56.1,339,17136.44568
55.7,34,1653.2937
55.4,338,22742.38159
55,339,15761.83913
54.8,337,12732.2759
54.4,337,185.63334
54.1,336,685.34897
53.8,334,3577.176197
53.5,334,2711.17114
53.1,334,2283.87939
52.7,336,172.68491
62.9,286,582.775532
62.1,298,482.14994
61.4,311,43.7544499
75.2,142,1473.31923
75,144,14252.29452
74.8,145,12724.39377
74.6,147,11371.93895
74.4,149,1352.8374
74.2,151,9739.82556
74,153,9386.716452
73.8,154,9358.154162
73.6,156,9875.161736
76.3,116,13467.1236
76.2,118,12245.25645
76,119,12976.63642
67,322,326.825642
62,329,317.3294336
59.7,336,297.828588
59.4,34,276.75896
59.1,342,287.4222243
54.8,337,12732.2759
54.4,337,185.63334
54.1,336,685.34897
53.8,334,3577.176197
53.5,334,2711.17114
53.1,334,2283.87939
52.7,336,172.68491
62.9,286,582.775532
62.1,298,482.14994
61.4,311,43.7544499
67,322,326.825642
62,329,317.3294336
59.7,336,297.828588
59.4,34,276.75896
59.1,342,287.4222243
54.8,337,12732.2759
54.4,337,185.63334
54.1,336,685.34897
53.8,334,3577.176197
53.5,334,2711.17114
53.1,334,2283.87939
52.7,336,172.68491
62.9,286,582.775532
62.1,298,482.14994
61.4,311,43.7544499
67,322,326.825642
62,329,317.3294336
59.7,336,297.828588
59.4,34,276.75896
59.1,342,287.4222243
58.8,343,232.7945459
58.5,343,21.7687981
58.1,345,215.139213
45.3,593,28.1969487
77.6,119,1774.9291
77.3,122,19941.45532
76.9,127,1929.7746
76.3,135,17421.8922
76.1,138,17454.84342
75.6,137,14638.6482
74.9,156,14726.31828
74.2,167,1894.5485
73,189,16586.452
73,188,12595.4165
72.8,189,1338.31322
72.3,195,885.465115
71.9,199,7174.237415
71.2,211,538.347781
78,225,4498.95727
78,218,47.32827
64.8,225,645.4637627
64.2,234,571.1622759
63.7,237,52.1535887
63.3,241,468.567249
62.6,249,354.8463544
61.8,261,341.39992
68,274,379.7566385
59.8,289,325.3825543
58.5,39,243.326822
57.2,328,193.794956
56,343,161.6266248
55,354,135.7623858
54,363,118.8734466
53.2,369,111.3634356
52.5,372,12.1789279
51.2,391,123.876257
69.9,188,4921.89629
69.7,19,546.3728
69.6,192,4763.68956
69.4,195,4546.73854
69.2,197,4353.121392
69.1,2,3651.966784
68.9,23,3369.48247
68.7,26,4177.657789
68.6,29,478.82327
68.5,211,3749.939813
68.3,214,3658.63832
68.1,218,3332.918533
68,22,2835.973972
67.9,22,2259.55796
67.8,221,238.891729
67.7,221,276.1338
81.1,76,4245.39744
89,78,49914.61864
87,79,49638.7713
84,82,47415.55987
83,86,579.72415
79.9,89,4622.41516
79.7,91,4717.15571
79.6,94,5341.31487
79.3,96,48288.5491
79.2,96,4112.67651
78.9,11,38969.17163
78.7,12,37636.11173
78.4,98,32816.1688
78.1,98,26834.2625
78,1,24913.24452
77.5,15,24253.2542
82.4,78,36526.7711
82.2,79,42955.24287
82,81,42554.1225
81.5,83,4838.2444
81.7,83,4381.288
81.3,86,473.34279
81.1,88,41631.13141
89,88,45413.6571
89,89,416.58397
86,92,36544.5853
81,93,34879.72633
82,94,33874.74255
79.3,99,29691.18158
79.2,11,24275.2426
79,13,22527.31775
78.8,13,22465.64184
66,229,7388.984144
65.5,237,9692.163874
64.6,255,9679.742995
63.5,276,9774.18117
62.8,289,1716.2258
62.3,294,8754.113376
61.7,31,763.66223
61.6,298,194.2746
61.6,291,8352.81711
61.4,288,727.777345
65,37,6741.293948
59.7,322,5685.577736
59.7,32,4892.11618
59.7,315,412.55271
59.8,37,3976.14887
61,296,4116.46693
64.8,225,645.4637627
64.2,234,571.1622759
63.7,237,52.1535887
63.3,241,468.567249
62.6,249,354.8463544
61.8,261,341.39992
68,274,379.7566385
59.8,289,325.3825543
58.5,39,243.326822
57.2,328,193.794956
56,343,161.6266248
55,354,135.7623858
54,363,118.8734466
53.2,369,111.3634356
52.5,372,12.1789279
74.4,129,3764.64912
74.5,125,4429.6575
74.5,128,4274.376857
74.2,13,4142.869175
73.9,127,3725.63221
73.8,132,2964.47734
73.2,133,276.588512
73.9,128,3174.9491
74.4,12,2492.12878
73.9,126,1872.68416
73.9,128,153.57521
72.3,134,127.367228
72.7,132,928.18227
71.7,142,779.3845935
73,121,733.974142
71.8,129,691.997711
81,68,41176.88158
89,69,4792.65288
86,71,4653.91143
86,71,4465.24891
85,74,4681.32796
81,76,41785.55691
80,79,41732.7725
79.9,8,45699.19832
79.8,82,41814.8191
79.6,84,36447.87232
79.2,85,34696.6292
79.1,86,34165.9343
78.5,9,3359.95215
78.4,91,2525.16445
78.3,92,23687.31689
78,95,23718.7467
62.4,249,1361.11395
62.1,253,1432.227943
61.9,254,1814.492297
61.6,257,1629.8222
61.2,263,1574.978653
69,267,1312.67557
66,271,186.76538
63,275,1224.41554
59.9,28,19.686718
59.4,288,922.9351677
58.9,296,498.172394
58.3,34,423.1936389
57.9,38,373.2815537
57.6,31,39.484473
57.4,39,273.6596668
57.2,38,263.1124679
81,72,187.78991
88,73,21673.7817
86,74,21874.8195
84,76,22242.68193
85,76,25916.29353
83,76,26917.75898
80,78,2971.973
79.9,77,31997.2821
79.4,8,28827.32636
79.7,77,2481.15781
79.3,81,22551.73574
79.2,81,21955.149
79.1,81,18477.57841
79,81,1411.31339
78.7,83,12538.17883
78.2,84,1242.95373
73.6,142,9212.192824
73.5,143,8569.776998
73.3,144,7955.615985
73.1,146,7583.1872
72.9,15,741.48438
72.6,154,7365.666659
72.4,158,7395.88125
72.1,162,7946.944346
71.9,164,7322.596862
71.7,167,6764.722867
71.5,169,6754.512393
73,187,5836.17763
71.1,173,5773.73577
79,176,5292.232379
77,178,519.958715
74,182,5117.589923
71.9,186,3923.573344
71.7,187,3687.763767
71.4,189,3452.828934
71.3,189,3299.65139
71.1,193,3187.845296
77,196,2825.5247
76,198,2635.753474
79,19,2794.22189
75,192,2489.955836
69.7,24,2256.56724
69.2,28,277.83438
69.6,21,1872.73783
69.4,24,1753.349471
69.3,21,171.771491
68.4,211,1568.376276
67.7,221,1655.596261
59,284,554.48766
58.1,299,561.997387
58.8,284,54.169324
58.4,288,52.3485646
58.1,29,459.2912
57.8,291,438.7513346
57.3,297,436.6895539
56.8,33,437.4467238
56.4,36,49.456775
55.6,317,296.68382
54.7,327,33.424498
54,334,386.3288283
53.3,338,37.1931781
52.9,337,322.811171
52.5,336,315.83983
52.5,328,34.516918
58.9,275,596.8717189
58.4,282,642.6256154
58.1,279,61.566347
57.6,285,67.7518833
57.1,289,692.69989
56.7,287,543.957418
56.3,288,544.222779
55.6,297,583.5445622
55,32,481.694976
54.4,36,418.94454
53.9,37,424.9534585
53.5,38,393.3138244
53,38,36.5718585
52.8,35,321.481324
52.5,32,39.486749
52.1,3,297.7519443
66.2,215,4136.689919
66,217,43.82321
65.9,218,3944.178173
65.8,22,3785.935665
65.6,229,3439.597513
65.9,221,326.281212
66.1,218,2716.35256
66.3,218,2576.124957
65.7,232,2327.58324
65.2,24,1945.6395
65,238,198.455216
65.1,237,145.58861
65.3,237,986.7958173
65.3,244,96.8674827
65.4,247,925.582546
65.4,246,946.599372
63.5,24,814.5463952
63.1,245,83.1148117
62.7,253,81.265673
62.3,259,766.8437623
62.3,259,74.9358452
36.3,682,662.2795182
62.5,251,668.297646
62.1,259,674.7564147
61.8,266,615.8198192
61.1,28,55.47626
65,29,465.311876
58.7,32,387.9429725
59.7,3,329.782946
59.3,33,393.16327
58.9,35,413.7383164
58.6,35,462.486524
74.6,147,2326.15856
74.5,149,2242.711912
74.3,15,2136.77395
74.1,151,2178.38325
73.9,153,212.584798
73.6,156,1932.85829
73.4,157,1815.489496
73.2,159,1751.595857
73,16,1592.572182
72.8,161,1437.628785
72.5,163,1311.741714
72.2,165,1217.657961
71.9,166,1157.3427
71.6,169,1132.8721
71.3,171,113.4546
71,174,188.783165
75.8,134,12365.6263
75.6,137,14117.97668
75.5,139,13613.6147
75,146,12834.32349
74.8,15,1448.87958
74.5,156,1325.53379
74.2,162,12967.16543
74.1,165,15669.25929
73.5,176,13842.6549
73.4,177,11398.76584
72.9,182,11161.72441
72.9,18,1259.5266
72.5,184,8396.25323
72.5,184,665.6443
72.3,185,527.85364
71.7,193,4623.46712
82.7,49,5734.4436
82.5,49,52473.11356
82.4,5,4781.3888
82.5,5,44333.8518
82.1,51,46.217
81.8,53,41676.44527
81.6,55,4461.89251
81.4,58,55575.29196
81.3,59,68348.31817
81.1,61,5613.54115
81,62,56249.7555
88,65,46917.27216
87,65,3944.999
84,7,31996.2172
80,72,28585.9254
79.7,74,31813.37344
68.3,181,1613.18878
68,184,1573.11889
67.6,187,1452.195373
67.3,19,1446.98541
66.8,193,1461.671957
66.4,196,1345.77153
66,2,19.317765
65.5,23,991.484634
65.2,26,118.166373
64.8,28,792.259698
64.4,211,77.819
64,214,621.3183767
63.7,216,541.1352279
63.3,219,466.2842
62.9,222,447.138966
62.5,224,438.864634
69.1,176,3336.16686
68.9,179,3491.595887
68.7,181,362.663981
68.5,183,3687.953996
68.3,185,3634.27685
68.1,187,3113.48635
67.9,189,2254.44566
67.7,189,216.52766
67.5,19,1855.93915
67.3,191,1586.254
67.2,19,126.928834
65.3,213,1148.56996
66.9,189,164.59447
66.7,189,899.5556857
66.5,188,747.9817455
66.3,188,78.92744
78,16,5245.187372
78.6,97,4697.11135
77.7,12,4425.57467
78,1,4167.71417
78.3,99,462.14965
77.5,1,3981.52847
77.6,98,388.363689
78,95,11579.6674
77.8,97,13467.46827
77.7,97,13574.749
77.1,14,13235.97757
77,14,14539.18421
76.6,16,1355.74586
76.3,19,14157.14416
76,116,15893.8656
75.8,114,13546.69872
75.9,113,11363.41845
75.2,116,1224.2459
75.4,114,9365.742468
74.7,122,785.881418
74.8,124,653.71637
74.9,126,5245.421419
74.7,127,4919.62869
79.1,92,762.261218
79,93,75.5199
78.7,96,676.15344
78.7,96,6425.941119
78.8,92,675.92436
78,98,5676.14143
78.1,11,5484.7763
77.9,12,5376.447622
78.1,14,5184.494227
78,14,4669.6916
77.2,19,3779.577
77.3,17,339.716256
77.4,18,3192.669378
77.7,19,2994.339988
76.7,115,2832.188893
76.9,115,2741.11542
85,52,2375.1127
83,53,2734.88382
81,54,2797.96736
80,56,28951.15556
79.7,57,32233.83942
79.5,59,3818.46396
79.3,6,3215.8159
79.1,62,3539.7488
78.9,63,31386.63265
78.8,64,27169.99256
78.7,65,25324.48666
78.6,65,23932.49128
78.5,66,2293.4789
78.4,68,16372.29152
78.2,69,1562.92433
78.1,7,14672.8826
68.9,182,4974.2693
67.9,199,673.74737
69.5,17,6925.22446
76,147,6651.12242
77,144,5854.614497
76,145,452.74948
74,148,3735.144836
69.3,167,4521.3247
65.9,227,3129.224922
64.7,249,2351.812429
66.8,29,1849.63911
67.2,21,1391.816923
81.4,64,6664.144
81.2,66,5553.32623
81,67,5234.76736
85,69,49231.36254
84,7,52567.52568
86,68,48538.58776
79.7,77,51983.78892
79.8,75,61235.415
79.5,75,61388.17457
79,78,54326.9713
78.7,78,5886.82789
78.3,82,47631.6377
78,82,4117.15532
77.4,88,32539.1937
77,89,28223.55528
76.4,94,26241.91883
82.5,58,35729.37253
82.2,6,37582.84624
82.1,61,36393.66932
81.8,6,32569.59683
81.8,61,33657.15727
81.7,61,3661.994
81.5,63,27795.87671
81,65,29657.4421
84,68,258.637
84,68,2195.1769
80,71,2611.17931
81,69,19888.172
79.7,71,18946.99942
79.3,74,18431.15696
79.3,74,236.19646
78.9,76,2152.1432
82.7,56,349.14755
82.5,57,35396.66517
82.3,58,3537.27441
82,6,34814.12436
82,6,38334.68477
81.8,6,35849.37364
84,68,258.637
84,68,2195.1769
80,71,2611.17931
81,69,19888.172
79.7,71,18946.99942
79.3,74,18431.15696
79.3,74,236.19646
78.9,76,2152.1432
82.7,56,349.14755
82.5,57,35396.66517
82.3,58,3537.27441
82,6,34814.12436
82,6,38334.68477
81.8,6,35849.37364
84,68,258.637
84,68,2195.1769
80,71,2611.17931
81,69,19888.172
79.7,71,18946.99942
79.3,74,18431.15696
79.3,74,236.19646
78.9,76,2152.1432
82.7,56,349.14755
82.5,57,35396.66517
82.3,58,3537.27441
82,6,34814.12436
82,6,38334.68477
81.8,6,35849.37364
81.6,61,36976.84512
81.5,61,464.18465
81.3,63,37698.78573
81.2,65,3341.7482
88,66,31959.26215
89,66,31174.56118
79.9,72,27387.2258
80,72,22196.5736
79.8,75,24.819
79.4,77,251.2426
76.2,125,4965.989857
75.8,133,4855.743789
75.6,136,56.144952
75.3,138,521.33363
75.2,139,513.549487
75,138,4682.728424
74.7,142,4293.383274
74.5,145,492.492378
74.2,148,462.517913
74,15,4313.1682
73.5,161,482.24762
73.3,165,3719.97351
73.1,166,3465.221998
73,167,3596.496282
72.7,171,3394.878
72.6,171,336.8742
83.7,55,34474.13736
83.5,57,3896.21151
83.5,56,4454.44746
83.3,58,4863.47665
82.5,64,48167.99727
83,62,4457.67639
83,64,4855.17564
82.7,66,39339.29757
82.6,67,35275.22843
82.4,68,35433.98896
82,69,37217.64873
82.1,68,37688.72234
81.9,7,3488.3992
81.8,7,32289.3554
81.5,72,33846.46564
81.1,74,38532.488
74.1,112,496.99275
74,113,466.94775
73.9,114,3992.86717
73.7,115,387.753211
73.6,116,387.324145
73.4,117,3679.19275
73.3,118,3492.1396
73.1,119,3385.69665
73,12,2762.86354
72.8,121,2537.349
72.4,127,223.83787
72.5,125,261.456882
72.3,127,1889.213962
72.1,129,1812.288374
71.9,131,1728.2659
71.7,133,1657.889256
72,198,159.9817
69.9,22,1286.56511
69.5,28,1389.8561
69.1,214,12387.18982
68.5,224,11634.42422
67.8,236,97.649972
67.8,235,7165.2775
66.6,258,8513.564645
65.3,288,6771.414797
65,295,5291.57565
64.6,294,3771.278957
64.7,287,2874.288291
64.4,282,268.123657
64.7,276,1658.31146
64.4,284,149.926751
63.9,292,1229.958
63.4,249,1349.97144
62.9,255,1335.6458
62.6,258,1229.114798
62.1,263,1155.2582
61.2,278,987.4453967
63,294,967.34773
59.1,317,92.816252
57.9,339,916.8992515
56.8,356,839.181117
55.3,388,697.66385
54.1,412,519.7999346
53,432,458.8843551
52.4,437,436.6875357
52.1,437,395.8493511
51.9,434,41.7763612
51.9,428,43.9797132
66.3,198,1424.483611
66.1,2,1684.54274
65.8,22,1724.361737
65.7,24,1763.815497
65.5,26,1692.613277
65.3,27,1493.1651
65.2,28,1297.285141
65.1,21,1413.3234
65,211,1357.632211
65,212,1151.555618
64.9,213,1214.556667
64.8,214,113.6286
64.7,215,115.3865
64.6,217,826.58554
64.3,219,734.9492461
64.1,222,796.7937634
74.7,81,28975.418
74.6,82,42996.4812
74.5,83,48399.9581
74.3,84,51264.7134
74.2,85,48268.5912
74,86,38497.61696
73.9,87,37567.3121
73.8,88,55571.9986
73.7,89,45793.97614
73.6,89,42717.55725
73.6,9,3549.26132
73.5,91,26921.8278
73.4,93,2271.56961
73.3,94,17789.41981
73.2,95,1654.96761
73.2,96,18389.38433
64.8,225,645.4637627
64.2,234,571.1622759
63.7,237,52.1535887
63.3,241,468.567249
62.6,249,354.8463544
61.8,261,341.39992
68,274,379.7566385
59.8,289,325.3825543
58.5,39,243.326822
57.2,328,193.794956
56,343,161.6266248
55,354,135.7623858
54,363,118.8734466
53.2,369,111.3634356
52.5,372,12.1789279
74.6,153,13666.58336
74.4,156,15725.1374
74.1,161,1532.22924
73.8,163,13822.8559
73.6,169,1372.68947
72.8,18,11326.21947
72.6,184,12219.37379
71.9,199,16348.53121
78,221,1444.1589
75,229,9667.9757
76,216,7558.7426
71,26,6351.8125
78,29,5134.95694
73,219,4132.34927
69.9,228,3572.8513
71,218,3352.731296
74.9,98,846.632851
74.8,99,8161.4614
74.9,97,846.285153
75,93,8787.94668
75,93,8734.9653
74.9,94,8763.826274
74.7,95,84.268878
74.5,98,712.775759
74.4,98,614.271115
74.1,1,5372.65899
73.9,11,5339.441291
73.7,13,5424.22356
73.5,15,5425.6697
73.2,17,5436.595223
73,11,5253.122599
72.7,112,5334.93329
53.7,484,173.82893
52.1,522,1174.839214
52.1,518,1196.1335
52.2,513,1281.516
52.3,52,1352.38433
51.1,527,1173.26212
49.4,566,923.136931
47.8,592,934.428563
46.2,633,918.432717
45.3,654,915.775754
44.5,675,862.9463118
44.8,666,781.5145936
45.5,648,63.636279
46.4,622,47.89395
47.8,586,437.819184
49.3,543,474.8197876
61.4,259,452.38717
58.1,329,458.4651734
61.1,258,454.1222236
67,261,415.361958
62,266,379.689583
59.7,272,327.42597
59.2,277,33.667491
58.6,281,232.61732
57.9,286,21.3733292
56.7,32,178.92799
55.3,316,168.648254
54,329,149.4452549
50,42,133.494518
56,371,177.285187
51.5,333,174.1815473
51.9,39,183.4149991
71.3,161,562.549434
72.8,132,1212.56217
72.7,132,1296.97353
72.6,132,14396.4865
72.5,132,1138.56661
72.2,134,9344.987518
71.9,138,8171.361651
71.5,141,586.8364
71.3,144,4676.96753
71.1,146,375.442638
71,147,6269.58123
78,148,7145.628494
73.6,165,14252.42853
73.4,169,16554.97139
73,178,15712.82376
73,176,14341.836
72.8,18,14357.73679
72.4,188,11984.86857
72.2,192,11837.3913
71.1,224,14961.56818
72,24,12297.91535
76,229,924.642548
78,222,7863.1629
71.6,24,676.966998
71.6,22,555.535669
71.4,22,4146.987928
71.2,21,353.147337
71.6,2,3297.35471
82,63,1199.8223
81.7,65,119172.7418
81.4,68,113751.85
81.1,7,16749.136
88,72,115761.577
86,73,14965.361
83,76,13198.6693
80,8,114293.8433
79.7,82,1618.4928
79.4,85,89739.7117
78.8,9,8289.69641
78.7,92,75716.3518
78.6,92,65445.8853
78.3,95,5293.64115
78,96,48179.4285
77.8,98,48735.99549
65.5,22,41.8575951
65.1,225,452.4631926
64.7,23,461.723722
64.3,235,443.9611
63.8,241,454.963464
63.3,248,412.739341
62.8,254,415.6893226
62.3,259,47.733254
61.9,261,377.8482928
61.4,263,292.157443
69,265,274.819723
64,267,245.1235876
59.9,268,316.7998965
59.3,271,262.2859481
58.7,276,278.555732
57.9,283,245.939659
58.3,365,362.6575444
57.6,377,354.7253961
56.7,394,332.922339
55.3,42,374.51882
54.1,441,512.125451
52.9,462,458.8681744
51.5,491,42.7379657
50,525,372.842678
48.5,559,32.2227274
47.1,587,297.6971211
46,66,28.3673842
45.1,615,274.2256294
44.6,613,26.152517
44,67,29.9798977
43.5,599,146.7615397
43.1,588,153.2594872
75,123,9643.644683
74.8,126,11183.96191
74.6,128,1882.27842
74.5,129,1779.49641
74.3,13,145.1262
74.1,131,971.356987
74,131,7326.744435
73.8,132,8513.629541
73.7,133,7269.17114
73.6,134,6222.982955
73.4,135,5593.822995
73.2,137,4955.477743
73.1,138,4463.675893
72.9,14,4167.364387
72.7,144,3915.11546
72.4,149,445.17471
78.5,61,8395.785198
78.2,62,7716.2415
77.9,64,7112.33575
77.6,65,6541.7465
77.3,67,6497.55443
76.7,73,633.79498
76.3,75,597.1659
75.9,81,5828.621374
75.4,82,52.862285
75,88,4428.522898
74.3,93,3488.493769
73.4,16,3853.33348
72.7,112,3432.247841
71.8,124,32.37239
78,129,298.67598
69.6,139,2182.99711
58.2,266,729.725338
57.8,272,825.5729915
57.3,275,777.659139
57.2,27,777.3476868
56.8,271,835.88998
56.5,273,78.377632
56,276,697.153124
55.5,278,689.6784228
55,282,595.6368319
54.3,288,521.6425796
53.6,29,487.942556
52.8,296,439.3572924
52,299,391.791281
51.2,31,334.22416
55,34,36.8473237
49.8,37,269.3483829
81.7,54,23819.4636
81.4,55,2618.92599
81.1,57,2393.1888
81,58,2193.8836
87,59,22821.847
83,62,2187.79469
82,63,2675.58259
80,64,21928.767
79.6,65,19375.5696
79.3,66,16671.5672
79,67,15835.34667
78.7,69,1519.5497
78.5,71,13689.98999
78.2,75,11843.9392
77.8,79,1121.78636
77.5,8,1139.5651
63.1,25,1158.256469
63,26,1326.66882
62.7,28,145.57838
62.5,29,1364.283745
62.2,212,1393.261593
62,214,123.383675
61.7,215,146.83851
61.4,217,1167.535689
61.2,219,113.3128
69,221,944.134851
66,223,697.7451989
64,224,62.547286
63,226,528.586613
62,228,46.9542322
61,229,464.229758
60,23,477.476124
74.6,146,9252.11724
74.2,148,1153.93822
74.1,147,9637.265
73.9,154,9291.227619
73.6,158,9197.26972
73.3,163,8.376432
72.8,166,7318.12641
72.7,166,83.635
72.9,161,6574.654338
71.8,165,5695.969327
72.1,168,5116.45424
71.9,168,5229.876738
71.5,174,4623.347642
71.5,179,3957.51296
71.5,177,3792.182152
71,177,3861.32414
76.7,122,9143.128494
76.6,122,1452.27766
76.6,12,1298.86766
76.3,123,982.532572
76.1,124,9834.472689
75.6,127,8959.581416
75.7,13,7748.12331
75.6,127,9689.52887
76,123,933.341687
75.8,125,8767.92258
75.3,126,7986.798439
75.4,124,7199.59665
75,127,6751.998987
75,127,716.8219
75,126,731.378864
74.8,129,672.92113
64.8,225,645.4637627
64.2,234,571.1622759
63.7,237,52.1535887
63.3,241,468.567249
62.6,249,354.8463544
61.8,261,341.39992
68,274,379.7566385
59.8,289,325.3825543
58.5,39,243.326822
57.2,328,193.794956
56,343,161.6266248
55,354,135.7623858
54,363,118.8734466
53.2,369,111.3634356
52.5,372,12.1789279
68.8,222,3944.1839
68.4,225,4181.583321
68.1,227,4385.379355
67.8,231,4368.82248
67.3,235,3769.595255
66.3,25,265.353659
66.9,235,1717.898761
67.4,225,2139.625631
65.9,26,1634.81431
65,271,1334.651896
64.5,274,998.8226671
64,284,797.8377432
64,271,646.561295
63.8,263,571.51883
63.2,266,524.145924
62.8,274,474.2133361
76.1,16,6461.192554
75.9,17,7378.345289
75.8,19,7186.429787
75.6,11,6586.71929
75.4,113,7318.742449
75.3,115,6682.281158
75,117,6698.79439
74.6,121,7325.73474
74.2,125,5957.145693
73.8,13,4383.59597
73.6,133,3674.617924
73.5,134,338.199535
73.5,134,2789.1735
73.4,136,216.243274
73.3,136,199.583957
73,144,1627.42893
74.3,95,2847.285569
74.1,96,3154.513484
73.9,97,3111.762887
73.6,99,294.746728
73.3,14,339.91616
72.8,11,2834.2472
72.3,116,2861.5545
71.8,123,2884.94776
71.4,128,2494.353552
71,133,2191.478567
77,137,213.755559
72,142,1948.812275
69.9,146,1721.973863
69.5,15,1413.757176
69,155,1336.775376
68.6,16,1332.382358
57.6,355,528.3125597
56.7,375,623.2871141
55.3,46,65.985681
54.8,48,566.513873
54.3,47,526.5313517
54,47,419.2258149
53.8,4,463.852618
53.2,45,53.127719
52.1,425,422.1461573
51.2,434,385.7567141
58,434,369.1545359
54,429,336.3318145
51,424,283.8911588
49.8,416,262.884551
49.5,48,256.4414872
49,43,277.6486591
66.6,199,1194.59137
66.4,21,1262.893782
66.2,22,1168.83947
65.9,25,1171.58257
65.6,27,1186.423937
65.4,29,987.7365832
65.2,211,741.777116
59.2,296,643.951373
64.5,217,41.451
64.2,22,296.97284
63.9,224,247.24276
63.5,228,219.8156688
63.2,231,219.782326
62.8,235,143.77651
62.5,239,138.9249275
62.1,243,193.187484
65.8,248,4737.66996
65.9,242,5421.343953
66.1,232,5488.131712
65.8,232,5749.44752
64.3,268,56.971392
63,299,5191.58381
62.4,36,4153.497885
61.7,317,429.6561
60,356,422.51968
57,431,3881.29535
55.1,477,3573.146387
54.7,483,3288.257373
55,471,2482.36862
55.7,452,1713.47594
56.5,426,1834.29486
57.4,41,257.99557
69.2,165,743.7653489
69.6,158,76.2386977
69.3,162,688.6172788
68.9,167,681.7925868
68.4,172,692.1166842
68,178,592.1835216
67.5,183,48.7299
67,189,473.844449
66.6,194,393.8843518
66,21,348.6314534
65.4,28,317.89198
64.7,218,287.4156
64.3,22,253.72412
63.1,238,246.375621
63.2,23,248.6183539
62.5,238,231.42554
81.9,57,44292.88473
81.7,58,52157.4687
81.4,6,51574.48942
81.1,62,49474.7561
81.1,63,5354.6536
88,64,5338.25483
86,65,519.349
83,68,56928.8248
82,68,51241.31562
79.8,71,44453.97119
79.4,72,41577.169
79.2,77,39954.64222
78.7,8,35245.1647
78.4,81,28817.32321
78.3,82,26584.12169
78.1,84,25921.12794
81.6,66,3821.8937
81.5,67,4453.24673
81.3,69,42889.88141
81.1,7,3997.25624
86,72,38426.5581
89,71,33691.34837
85,73,282.94193
81,75,31287.77865
81,76,3259.73471
79.9,76,2667.86452
79.9,78,2775.89515
79.2,79,2542.39935
79.1,82,21913.7817
78.7,83,16874.31232
78.5,83,13882.85683
78.6,87,13641.1272
74.8,145,295.966488
74.5,148,1975.46477
73.9,157,1847.19849
73.9,157,1792.3845
74.5,147,1682.957924
73.2,154,1526.497938
73.2,163,1464.497754
72.5,169,1518.85386
72.5,173,1344.31871
73,17,124.992617
71.2,194,1175.116225
71,194,191.55157
76,198,115.565314
75,197,11.147277
73,193,143.6758
73,192,116.2743
61.8,22,358.99731
61.4,223,43.646498
69,227,416.14838
63,232,391.515524
59.4,241,375.5819866
58.2,252,348.151511
57.1,263,341.2894618
56,272,354.8185998
55.2,276,292.55962
54.5,277,258.463873
53.7,278,25.383731
52.9,279,232.5661574
52.1,28,215.8548
51.4,282,177.828384
56,283,165.257247
50,284,158.455972
54.5,344,2655.157977
53.6,362,3221.678128
53.2,367,2996.96432
52.7,374,2755.297787
52.3,375,2527.9423
52,374,2327.3267
51.6,376,197.661422
59,386,1383.893354
55,388,1136.829645
49.8,396,119.743286
49.2,4,87.8938738
48.5,47,648.815852
48.1,41,512.65719
47.7,49,459.4572117
47.4,48,351.7996666
47.1,45,379.1193264
81.8,59,7455.24654
81.6,61,975.49856
81.5,62,1291.435
81.3,61,11563.727
81.1,67,1574.9861
81,66,87646.75346
89,67,817.77681
86,67,9688.5961
85,67,85128.65759
84,7,74114.69715
81,73,66775.3944
79.8,77,5757.26916
79.4,78,5111.65445
78.9,81,4361.1538
78.8,82,38549.58934
78.5,85,38146.71539
76.6,99,16627.36433
76.4,11,2458.45226
76.2,12,21268.7564
76,14,22134.916
75.8,15,2986.36
75.6,16,1928.74739
75.4,18,16784.34616
75.2,19,2275.3536
74.9,113,1585.13226
74.7,115,1448.55
74.3,118,12376.97936
74,122,1129.28886
73.6,127,969.8126
73.3,13,8629.11774
72.9,134,8476.61511
72.6,138,861.18596
66.4,161,1431.244865
66.2,162,1316.98966
66,163,1272.44161
65.7,165,1261.28967
65.5,167,1226.215314
65.1,172,14.142268
64.8,175,16.63999
64.6,177,139.31288
64.4,178,95.4327931
64.2,179,873.772727
62.9,2,711.4699463
63.7,183,649.848233
63.5,185,563.594342
63.2,187,499.8633
63,189,51.6568157
62.8,19,533.8624114
77.8,118,13134.4367
77.6,119,12593.7374
77.5,118,11685.97983
77.2,12,1589.82713
77.3,121,927.723171
76.5,122,7937.259931
76.8,127,7429.628274
76.5,127,6973.9284
76.4,124,668.8667
76.2,125,5348.518399
75.8,122,4916.54886
75.8,123,4591.892776
75.5,126,4267.13578
75.7,125,4126.14671
75.5,124,446.372833
75.7,121,46.29935
62.7,278,2182.716565
62.4,281,229.95364
62.2,284,271.318741
62,285,177.867119
61.8,286,1366.879112
61.6,288,1166.66337
61.4,29,1178.72469
61.1,295,956.668952
68,299,854.346921
64,37,77.5773486
59.9,314,637.3616215
59.6,321,588.3582595
59.3,327,511.665773
59.1,331,539.41528
58.9,335,631.9468526
74,146,419.367724
73.9,147,4712.822736
73.8,148,4479.95858
73.6,148,3855.537735
73.4,15,3988.11894
73.2,152,3225.591754
73,155,2599.596259
72.7,157,359.992184
72.5,159,2312.192926
72.3,161,189.71539
72.1,163,157.145691
71.9,165,148.527976
71.7,166,1174.779347
71.5,168,1148.229882
71.2,17,1417.26582
79,172,1545.626423
75.5,123,63.343259
75.3,125,6491.5245
75.3,125,6583.116248
74.9,129,6387.785281
74.5,133,5771.565878
73.7,14,522.493191
73.8,14,4166.93387
73.9,138,428.87811
74,133,3611.2147
74.2,134,3171.49856
72.8,148,2754.7829
72.2,151,2448.143899
72.1,152,218.25997
72.6,144,259.192958
72.4,142,1981.243653
71.4,154,1996.719689
68.5,211,2878.33837
68.4,214,2842.938353
68.1,219,276.289146
68.1,217,2581.818554
68,218,2352.518156
67.9,218,2129.499242
68,219,1825.341521
67.5,217,1919.466195
67.5,216,1672.685433
67.3,219,1391.772325
67,223,1194.697155
67.3,218,179.3715
67.2,217,11.553196
66.8,221,1.68135
66.8,221,957.287441
66.8,219,138.91977
77.5,117,12565.9876
77.3,12,14341.675
77.1,12,1378.54911
76.8,125,13145.1484
76.7,128,13893.18768
76.3,13,12599.52486
75.7,136,11527.59323
75.5,14,141.44688
75.3,144,1126.31852
75.2,144,94.7726
75,144,821.251569
74.9,143,6681.178818
74.7,142,5693.52416
74.5,145,5196.932921
74.2,149,4981.198619
73.7,153,4492.72764
81.1,76,1922.681
89,78,2277.53613
86,79,21618.73534
83,81,2577.4264
82,85,23196.18375
79.6,88,22538.6548
79.3,9,2363.97161
79,92,24815.6884
78.7,94,2278.5845
78.5,96,19821.44463
77.7,11,18784.9485
78,99,1845.5881
77.3,15,15772.7334
77.2,17,12882.28897
76.9,11,11729.14616
76.6,11,1152.39681
78.2,68,66346.52267
78.1,69,86852.7119
77.9,7,8834.87958
77.8,72,88564.82298
77.5,74,85948.746
77.3,76,736.22784
77,79,61478.23813
76.8,82,82967.37228
76.7,83,675.61258
76.6,83,6256.55926
76.6,84,51488.49529
76.6,84,41818.35256
76.5,85,34176.98183
76.4,85,2999.65492
76.3,87,2843.63635
76.2,88,29986.2915
82.8,56,25683.84565
82.6,58,296.47225
82.4,6,2921.9342
82,61,28562.29324
82.1,63,31834.21816
81.9,64,3736.228
81.6,66,32333.4661
81.3,7,35578.73619
89,72,3279.414
88,73,28482.6948
81,77,2651.71745
81,79,24918.64584
75,133,8958.788593
74.8,135,12.27733
74.6,138,9585.266593
74.4,138,8558.39766
74.3,139,92.277825
73.4,153,8297.483621
73.1,158,822.18329
73.1,159,1136.47356
72.9,154,8214.185378
72.5,157,5828.745662
71.9,162,4676.315183
71.7,165,3552.92452
71.1,174,2774.95586
77,178,2124.873613
78,179,1839.72945
77,175,1668.162731
75,222,9329.298351
73,225,14125.961
70,229,15543.67653
69.6,237,15154.45687
69.4,242,14212.687
68.4,256,1674.98771
68.2,261,8562.89598
67.5,278,11635.2637
67.3,282,911.25385
66.4,3,692.194398
65,327,5323.473877
64.9,321,412.372294
64.6,322,2975.132778
64.8,313,2375.5944
65.1,38,21.362386
65,37,1771.58662
66.1,227,71.348397
65.7,23,76.5699517
65.2,233,688.8768557
64.6,239,678.796973
63.8,247,617.317648
62.8,26,563.491487
61,288,539.1538211
68,282,5.6687264
59.6,295,44.853339
57.6,328,342.3656294
55.3,37,287.931877
53.4,397,236.9114381
52,48,212.6619491
57,415,196.59778
48.6,438,21.569654
48.3,426,216.172747
82.8,56,25683.84565
82.6,58,296.47225
82.4,6,2921.9342
82,61,28562.29324
82.1,63,31834.21816
81.9,64,3736.228
81.6,66,32333.4661
81.3,7,35578.73619
89,72,3279.414
88,73,28482.6948
81,77,2651.71745
81,79,24918.64584
74,125,4149.363444
73.8,128,4178.973369
73.6,131,4219.65123
73.2,136,4234.554443
73,139,3942.9827
72.6,144,3453.487434
76,172,335.112838
72.5,146,359.82223
72.2,149,322.543121
72,153,287.963899
71.6,16,2571.262348
71.4,162,2351.33814
79,169,197.29417
76,174,1631.41727
75,175,1555.47451
72,18,154.68923
67.5,19,1624.63963
67.3,191,1821.878734
67.1,192,1619.532678
66.9,194,138.949959
66.6,198,134.326189
66.2,24,1129.754961
65.8,21,199.57146
65.4,215,1126.46212
65.1,217,894.927988
64.7,22,843.89447
64.3,222,81.86157
63.8,224,693.345683
63.4,225,649.342153
63.1,226,555.8185378
62.8,225,51.216381
62.6,224,
74.5,88,2732.86172
74.4,88,24575.434
74.3,89,24934.38614
74.1,9,2533.9462
73.9,92,2377.74739
73.7,94,19259.58726
73.4,97,1694.2931
73.3,98,237.83234
73.2,99,16472.1665
73.2,1,15334.66994
73.1,11,13739.82945
73.1,12,11138.8746
73,13,9567.458285
72.9,15,8655.311531
72.8,17,8643.4944
72.6,11,9126.954277
66.7,188,98.7256145
66.4,192,152.443873
66,196,148.912351
65.6,2,136.4518
64.9,26,18.25321
64.3,212,11.631377
63.5,219,12.566464
62.8,225,11.33678
62.1,23,95.3978522
61.3,236,89.838296
65,242,773.8698713
59.7,247,733.581811
59,251,642.7663113
58.4,252,513.26227
57.9,251,481.287397
57.5,25,473.45338
75.6,121,5237.255334
75.4,123,62.173221
75.3,122,6353.826383
74.9,126,5659.3824
74.6,127,6423.291783
74.4,128,5411.87744
74.1,131,5821.35397
74,132,671.773913
73.8,132,5458.121718
73.6,133,4129.758741
73,135,3528.1318
73,134,3331.228766
73,134,2832.49652
72.9,133,2149.9944
73.1,135,1634.87561
72.6,141,87.1365252
73.2,168,1539.464
73,17,1557.77892
72.9,172,15687.34795
72.7,174,12845.17363
72.6,177,12189.9516
72.4,18,184.68447
72.3,182,976.9566
72.2,184,11122.8627
72.2,185,12154.82994
72.2,185,1214.39987
72.2,185,1192.5174
72.1,186,1176.65871
72.1,185,8524.961236
72.1,186,8331.261997
72,187,7663.1378
72.9,172,15687.34795
72.7,174,12845.17363
72.6,177,12189.9516
72.4,18,184.68447
72.3,182,976.9566
72.2,184,11122.8627
72.2,185,12154.82994
72.2,185,1214.39987
72.2,185,1192.5174
72.1,186,1176.65871
72.1,185,8524.961236
72.1,186,8331.261997
72,187,7663.1378
71.8,188,7578.85153
51,413,587.538233
48.1,463,78.4394757
54,47,71.8186998
49.7,411,561.8984239
48.9,418,445.525
48.1,424,45.128418
47.1,433,394.5932439
46.2,441,46.3759178
45.3,45,358.8274716
44.3,464,322.313468
43.3,48,287.6891942
42.3,496,263.145817
41.5,57,263.7618312
48,513,249.939542
41,519,227.779471
39,533,139.3147734
83.1,55,53629.73746
82.9,56,56336.7234
82.7,57,5629.18914
82.5,59,54431.16199
82.2,6,53166.67581
82,61,46569.67951
81.7,62,38577.55822
81.4,64,39721.4818
81.1,65,39223.58187
87,66,33579.85948
82,69,29869.85398
79.7,71,2745.27136
79.3,73,23573.6284
79,74,2216.83279
78.7,76,21577.7823
78.3,78,23792.677
82.8,56,25683.84565
82.6,58,296.47225
82.4,6,2921.9342
82,61,28562.29324
82.1,63,31834.21816
81.9,64,3736.228
81.6,66,32333.4661
81.3,7,35578.73619
89,72,3279.414
88,73,28482.6948
81,77,2651.71745
81,79,24918.64584
88,74,2729.86383
87,76,242.67286
85,78,2315.31799
82,81,22486.47167
79.8,84,24985.24827
79.5,87,23437.4722
79.1,9,24633.79785
78.9,96,2751.8127
78.3,12,23841.31792
78.1,17,19726.1265
77.5,14,18169.1891
77.2,113,1726.9151
76.5,119,1488.47154
76.6,117,11814.9994
76.2,124,1479.29634
76,122,1227.73677
69.2,177,1922.41388
68.8,183,29.652622
68.8,182,188.5159
68.7,184,1858.689868
68.5,186,1642.837974
68.3,188,1272.44825
68.1,192,1158.282672
68,193,125.79167
67.6,2,146.931125
67.6,2,948.6592511
67.4,24,88.874858
67.1,29,818.442619
66.8,215,744.7657423
66.5,22,784.9562874
66.2,227,944.81684
65.8,235,154.518572
55,312,426.98537
54.3,321,417.89143
54.2,318,47.5432354
64.8,225,645.4637627
64.2,234,571.1622759
59.8,289,325.3825543
58.5,39,243.326822
57.2,328,193.794956
56,343,161.6266248
55,354,135.7623858
54,363,118.8734466
53.2,369,111.3634356
52.5,372,12.1789279
62.9,328,5769.77258
62,347,6479.625659
69,371,6876.953821
59.2,48,7548.163698
58.9,413,849.954224
58,428,7362.76139
56.5,449,5888.6284
55.3,473,5786.59972
54.5,486,6125.39984
54,496,5631.73485
53.8,498,5414.634326
53.7,497,4863.51688
54,485,3775.68275
54.9,459,2518.398261
56,429,2681.781
57.3,397,337.2253
57.3,332,758.725782
56.6,343,1151.861715
56.4,345,1186.11325
56,347,958.45581
55.4,355,176.9713
55,359,1562.239346
54.3,369,1264.78998
53.6,377,1678.711862
55.3,473,5786.59972
54.5,486,6125.39984
54,496,5631.73485
53.8,498,5414.634326
53.7,497,4863.51688
54,485,3775.68275
54.9,459,2518.398261
56,429,2681.781
82.8,56,25683.84565
82.6,58,296.47225
82.4,6,2921.9342
82,61,28562.29324
82.1,63,31834.21816
81.9,64,3736.228
81.6,66,32333.4661
81.3,7,35578.73619
89,72,3279.414
88,73,28482.6948
81,77,2651.71745
81,79,24918.64584
79.4,83,21495.7741
79.5,83,1719.53541
79.4,84,15323.6114
79.1,86,14676.769
74.9,138,3844.89123
74.7,141,382.54994
74.6,142,361.289374
74.5,143,335.521375
74.5,141,322.992615
74.5,138,2819.511161
71.8,183,216.681584
72.3,172,254.489192
73.7,146,1644.816372
73.8,145,1448.7611
74.2,138,1259.87591
69.1,197,174.6692
73.9,146,989.4547732
73.7,149,873.1472436
72.7,16,837.699787
71.5,175,875.412178
64.1,225,2513.884661
63.8,229,2176.89829
63.5,232,1955.66799
63.2,235,1892.894352
62.7,241,1666.857757
62.5,243,1476.47887
62,248,1226.884381
61.8,251,1291.528826
61.4,254,1115.6952
61,26,893.8793645
67,261,679.7539949
59.7,278,565.569459
59.6,278,477.738478
59.4,277,412.1517561
58.9,283,377.5254454
58.6,284,361.35843
71.6,176,8818.982566
71.4,178,9564.46383
71.2,179,9484.56898
71.3,178,9272.413453
76,187,8318.97692
73,19,833.31332
70,196,7443.85178
69.8,196,6858.163158
69.5,22,5761.39536
69.3,199,527.92
68.9,25,3595.8855
68.3,214,36.48773
68,223,263.1399
67.9,221,2232.513244
67.7,219,1598.77512
67.4,224,1888.61829
58.9,373,3136.92511
58.4,382,3464.35169
57.6,393,3598.75972
56.5,412,3851.51547
55,438,3934.27325
53.6,459,369.239336
52.6,46,332.517125
51.4,477,2842.438422
50,51,347.48798
47.8,564,2937.36723
46,63,2873.862141
45.6,69,2529.633557
45.9,6,22.99449
46.4,587,1324.996228
47.1,568,1437.634951
48.4,536,1637.4567
82.4,53,5585.25847
82.3,54,5918.19898
81.9,57,6283.24522
81.7,57,57134.777
81.7,58,59593.28711
81.5,58,5276.25591
81.4,62,4627.592
81.1,62,55746.84238
89,63,53324.37937
88,64,46256.4716
85,66,4385.35315
83,7,42442.2245
82,69,36961.42537
79.9,71,29571.7446
79.8,73,26969.24457
79.6,73,29283.55
83.4,49,8989.8424
83.2,51,85814.58857
83,52,84658.88768
82.7,54,83164.38795
82.6,55,87998.44468
82.3,57,74276.71842
82.1,6,69672.471
82,6,72119.5687
81.7,63,63223.46778
81.5,65,57348.92788
81.1,66,54797.54663
81,69,53255.97631
85,72,4796.56497
84,74,41336.72192
82,75,38538.64447
79.7,78,37813.23426
73.8,121,258.3529
73.7,123,1762.24617
73.5,127,1577.457182
73.2,131,148.852738
73,134,1253.39143
72.8,135,1263.13455
72.7,135,1258.421953
72.6,136,1177.629268
69.7,161,918.6771543
69.6,162,114.45919
69.3,163,14.214412
68.8,164,954.725253
68.1,166,834.5412953
67.3,171,738.3475227
72.6,136,1177.629268
69.7,161,918.6771543
69.6,162,114.45919
69.3,163,14.214412
68.8,164,954.725253
68.1,166,834.5412953
67.3,171,738.3475227
66.7,174,666.3458569
66.4,178,76.914128
66.1,181,52.35956
65.9,183,44.2872665
65.5,194,337.359236
65.9,177,39.281834
65.2,182,236.314438
64.3,193,189.3878519
64,194,17.8159721
63.7,198,138.436633
74.9,148,5814.863134
74.6,152,5941.8471
74.5,153,6171.262444
74.3,154,5859.915622
74.1,155,5491.159981
73.9,158,575.32176
73.7,16,4212.5492
73.5,162,4378.68746
73.3,165,3972.26475
73,168,3368.952576
72.5,177,2893.651356
71.6,189,2659.83918
71.7,189,2358.93629
71.4,192,296.54617
71.2,194,1893.145377
71.1,194,27.564826
64.3,193,189.3878519
64,194,17.8159721
63.7,198,138.436633
74.9,148,5814.863134
74.6,152,5941.8471
74.5,153,6171.262444
74.3,154,5859.915622
74.1,155,5491.159981
73.9,158,575.32176
73.7,16,4212.5492
73.5,162,4378.68746
73.3,165,3972.26475
73,168,3368.952576
72.5,177,2893.651356
71.6,189,2659.83918
68.3,152,1161.76935
68,155,1153.51578
67.7,158,117.765674
67.4,159,1117.77724
67.2,161,114.56179
66.9,163,849.8626972
66.6,165,757.3114436
66.2,168,643.71911
65.8,173,524.8959363
64.9,186,441.53226
63.7,26,478.331859
62.3,229,467.5438297
61,25,471.4565823
62,261,48.61552
59.4,269,56.4249869
58.7,276,422.28633
59.9,287,551.138346
59.7,285,62.1318489
59.4,287,579.43485
58.9,294,563.6894247
58.3,34,562.3393592
57.4,323,487.9238913
56.7,336,499.6468713
56.2,344,513.391914
55.9,344,42.764743
55.7,345,377.33629
55,357,372.1721837
54.9,355,349.9937253
54.7,355,31.437144
54.7,351,28.832123
54.6,345,26.6394652
54.6,339,26.3932935
73.5,133,493.775387
73.3,135,4192.349758
73.2,137,4266.557174
73,138,451.542462
72.9,14,445.18866
72.8,142,3547.59975
72.5,147,37.846563
72.6,145,3392.64743
72.5,146,2932.315883
72.4,148,2892.522663
72.3,15,2594.74999
72.2,151,2284.37858
72,153,229.714718
71.9,155,1842.44421
71.8,157,1837.977391
71.6,158,263.27236
71.2,17,17321.83373
71.1,171,19325.24283
71,172,1967.83283
78,174,19152.531
76,176,1953.9767
74,179,16683.94578
71,183,1458.8796
69.9,185,21188.11857
69.7,187,1653.1844
69.6,188,1495.96337
69.5,189,12323.1275
69.4,19,129.51914
69.3,191,884.518666
69.2,192,749.626612
69.1,194,6935.721451
69.1,197,643.947262
75.3,1,3828.91589
75.1,12,4271.68172
74.9,13,4199.47253
74.9,13,4137.55421
74.8,13,4256.91279
74.8,12,414.15177
74.7,12,4129.977335
74.7,12,431.9326
74.6,12,3778.184171
74.4,12,3371.71231
74.2,14,3194.562243
74,15,3112.83529
73.7,17,2761.969249
73.5,19,2346.5937
73.2,11,2254.933126
72.9,112,2213.91488
75.8,16,1979.52569
75.5,17,12127.22522
75.2,19,12542.93565
74.8,112,1172.3843
74.5,114,11341.13395
74.2,116,1672.5693
73.9,118,936.499911
73.5,121,185.68975
73.2,124,979.49246
72.8,126,834.869161
72.4,129,7384.354661
72,132,64.72953
71.6,135,4718.51291
71.2,138,366.57
78,14,3119.63716
74,143,4316.553895
66.3,215,6432.668768
66,217,7962.365824
65.4,228,734.42525
65.6,22,6675.262954
65.6,217,5649.978486
65.8,211,4439.23
65.6,215,436.459223
64.5,235,394.467675
64.1,241,26.371428
63.7,245,2136.66815
63.3,248,174.51475
63.5,238,1453.917166
63.4,231,1283.885977
63.3,229,967.917468
64,221,774.4763388
63.8,224,643.17518
62.3,291,693.8963829
61.5,38,719.172669
67,325,662.492293
60,339,647.74741
59.3,347,584.3962137
58.4,362,594.9972557
57.5,378,647.17732
56.3,41,449.6928183
55.5,41,41.858631
54.9,41,336.4593923
53.2,446,315.788227
51.3,485,288.236949
51,53,237.9995917
48.8,523,24.2423229
47.7,539,234.984775
46.6,554,257.63369
71.3,195,2124.662666
78,23,314.658296
71,198,429.71554
77,25,3855.42128
75,24,3569.75727
69.8,212,2965.142365
69.2,231,2545.48341
67.7,273,3891.37823
67.5,277,368.68998
67.7,267,233.18831
67,278,1828.717626
67.4,267,1367.352433
67.6,256,148.522488
67.6,256,879.475486
67.7,253,78.738243
67.5,257,635.789635
78,23,314.658296
71,198,429.71554
77,25,3855.42128
75,24,3569.75727
69.8,212,2965.142365
69.2,231,2545.48341
67.7,273,3891.37823
67.5,277,368.68998
67.7,267,233.18831
67,278,1828.717626
67.4,267,1367.352433
67.6,256,148.522488
67.6,256,879.475486
67.7,253,78.738243
67.5,257,635.789635
77.1,75,3911.74689
76.9,77,44449.7435
76.7,78,4335.64268
76.5,8,42112.23565
76.3,81,4462.3129
76.2,82,3549.14832
76,84,3372.57517
75.8,85,45758.9554
75.6,87,42672.61323
75.4,89,42372.22166
75.3,92,39439.8197
75.1,95,36161.1761
74.9,98,3323.52318
74.7,11,31311.35936
74.5,14,3161.52935
74.2,17,3371.26869
77,116,15524.84247
76.8,117,16737.89827
76.8,117,16881.2568
76.5,118,1592.6819
77,111,14166.4998
76.3,118,11938.212
76.6,118,9415.17386
76.4,119,962.312164
75.4,124,79.69746
76.2,117,5877.87678
75.7,123,522.951116
75.4,122,4117.38853
75.4,121,3622.52284
75.4,124,488.768855
75.2,123,6281.37747
75.1,131,6871.897677
69.4,184,2137.576852
69.2,184,25.448414
69.1,185,197.551233
68.8,184,174.468298
77,116,15524.84247
76.8,117,16737.89827
76.8,117,16881.2568
76.5,118,1592.6819
77,111,14166.4998
76.3,118,11938.212
76.6,118,9415.17386
76.4,119,962.312164
75.4,124,79.69746
76.2,117,5877.87678
75.7,123,522.951116
75.4,122,4117.38853
75.4,121,3622.52284
75.4,124,488.768855
75.2,123,6281.37747
75.1,131,6871.897677
69.4,184,2137.576852
69.2,184,25.448414
69.1,185,197.551233
68.8,184,174.468298
68.5,183,1564.966945
68.3,183,1377.8214
68,183,1213.265328
67.9,184,182.28625
67.8,184,83.476942
67.6,185,654.2838373
67.3,192,546.776852
67.8,183,465.1198869
67.2,183,396.129969
67.1,186,383.3494997
67.4,185,456.734892
67.1,189,558.221144
72,13,285.83414
71.7,134,3148.36513
71.6,135,3167.34356
71.4,138,3158.58688
71.2,141,3275.91684
71,145,2965.82434
78,149,2643.441423
75,153,2697.961375
73,157,2393.367265
71,161,247.97823
69.9,165,1886.433359
69.6,169,1787.94723
69.4,173,158.52724
69.3,176,1353.934819
69.1,179,1362.61731
69,18,1469.849149
67.6,2,948.6592511
67.4,24,88.874858
67.1,29,818.442619
66.8,215,744.7657423
66.5,22,784.9562874
66.2,227,944.81684
65.8,235,154.518572
55,312,426.98537
54.3,321,417.89143
54.2,318,47.5432354
64.8,225,645.4637627
64.2,234,571.1622759
59.8,289,325.3825543
58.5,39,243.326822
57.2,328,193.794956
56,343,161.6266248
55,354,135.7623858
54,363,118.8734466
53.2,369,111.3634356
61.8,33,1313.889646
61.1,314,1738.8822
63,328,185.793359
59.2,349,1734.93612
58.2,366,1644.619672
58,363,1463.213573
57.4,368,1139.11233
55.7,45,1369.68249
52.6,487,114.587985
58,526,13.154199
49.3,554,691.3178164
47.9,578,53.2772217
46.4,64,429.1583434
45.5,69,377.135244
44.6,611,378.2736238
43.8,614,341.955625
67,336,118.69383
59.2,371,127.47462
58,399,111.227396
56.6,429,955.648466
54.9,464,839.927936
52.4,527,713.63562
50,587,65.824121
48.2,632,325.678573
46.6,67,396.9982166
45.4,7,414.796232
44.6,717,444.76575
44.3,723,454.366654
44.5,715,453.3511552
44.8,73,57.34834
45.3,686,548.587312
46,665,547.3588785
81.7,63,63223.46778
81.5,65,57348.92788
81.1,66,54797.54663
81,69,53255.97631
85,72,4796.56497
84,74,41336.72192
82,75,38538.64447
79.7,78,37813.23426
73.8,121,258.3529
73.7,123,1762.24617
73.5,127,1577.457182
73.2,131,148.852738
73,134,1253.39143
72.8,135,1263.13455
44.5,715,453.3511552
44.8,73,57.34834
45.3,686,548.587312